Modelo,CV_F1,Val_F1,Δ_F1,CV_Recall,Val_Recall,Δ_Recall
Logistic_Regression,0.6271787912617882,0.615819209039548,-0.011359582222240205,0.7984615384615384,0.7841726618705036,-0.014288876591034838
Random_Forest,0.625244944317371,0.6352583586626139,0.010013414345242944,0.76,0.7517985611510791,-0.008201438848920883
XGBoost,0.6260466540093953,0.6186186186186187,-0.007428035390776633,0.7746153846153845,0.7410071942446043,-0.03360819037078022
LightGBM,0.627641835855844,0.6132930513595166,-0.014348784496327371,0.7484615384615385,0.7302158273381295,-0.018245711123409003
MLP_SMOTE,0.6227487095686326,0.6133720930232558,-0.009376616545376804,0.7807692307692307,0.7589928057553957,-0.02177642501383492
